<xml version="1.0">
<dashboard>
	<widget field="Velo" type="Number" class="edu.wpi.first.smartdashboard.gui.elements.TextBox">
		<location x="0" y="151"/>
	</widget>
	<widget field="FieldOriented" type="Boolean" class="edu.wpi.first.smartdashboard.gui.elements.BooleanBox">
		<location x="943" y="394"/>
		<property name="Color to show when true" value="0.255.51.255"/>
	</widget>
	<widget field="DesArmPos" type="Number" class="edu.wpi.first.smartdashboard.gui.elements.ProgressBar">
		<location x="749" y="27"/>
		<property name="Maximum" value="863.0"/>
		<property name="Minimum" value="30.0"/>
	</widget>
	<widget field="IMU_Connected" type="Boolean" class="edu.wpi.first.smartdashboard.gui.elements.BooleanBox">
		<location x="21" y="21"/>
	</widget>
	<widget field="SentArmPos" type="Number" class="edu.wpi.first.smartdashboard.gui.elements.TextBox">
		<location x="2" y="130"/>
	</widget>
	<widget field="ArmMode:" type="String" class="edu.wpi.first.smartdashboard.gui.elements.FormattedField">
		<location x="915" y="21"/>
		<height>43</height>
		<property name="Background" value="255.255.0.255"/>
		<property name="Font Size" value="18"/>
	</widget>
	<widget field="IMU_IsCalibrating" type="Boolean" class="edu.wpi.first.smartdashboard.gui.elements.BooleanBox">
		<location x="20" y="2"/>
		<property name="Color to show when true" value="255.0.0.255"/>
		<property name="Color to show when false" value="0.255.0.255"/>
	</widget>
	<widget field="ArmEnabled" type="Boolean" class="edu.wpi.first.smartdashboard.gui.elements.BooleanBox">
		<location x="49" y="348"/>
	</widget>
	<widget field="ClawEnabled" type="Boolean" class="edu.wpi.first.smartdashboard.gui.elements.BooleanBox">
		<location x="29" y="270"/>
	</widget>
	<widget field="StopAll" type="Command" class="edu.wpi.first.smartdashboard.gui.elements.CommandButton">
		<location x="497" y="336"/>
	</widget>
	<widget field="SwapArmEnabled" type="Command" class="edu.wpi.first.smartdashboard.gui.elements.CommandButton">
		<location x="43" y="367"/>
	</widget>
	<widget field="SwapClawEnabled" type="Command" class="edu.wpi.first.smartdashboard.gui.elements.CommandButton">
		<location x="28" y="290"/>
	</widget>
	<widget field="TrueArmPos" type="Number" class="edu.wpi.first.smartdashboard.gui.elements.TextBox">
		<location x="1" y="108"/>
	</widget>
	<widget field="IMU_Yaw" type="Number" class="edu.wpi.first.smartdashboard.gui.elements.TextBox">
		<location x="-1" y="40"/>
	</widget>
	<widget field="ClimbArmSpeed" type="Number" class="edu.wpi.first.smartdashboard.gui.elements.TextBox">
		<location x="1" y="76"/>
	</widget>
	<static-widget class="edu.wpi.first.smartdashboard.gui.elements.Label">
		<location x="1156" y="83"/>
		<property name="Text" value="ArmCam"/>
	</static-widget>
	<static-widget class="edu.wpi.first.smartdashboard.gui.elements.Label">
		<location x="791" y="90"/>
		<property name="Text" value="BottomCam"/>
	</static-widget>
	<static-widget class="edu.wpi.first.smartdashboard.gui.elements.CameraServerViewer">
		<location x="1017" y="104"/>
		<width>329</width>
		<height>259</height>
		<property name="Camera Choice" value="USB Camera 1"/>
	</static-widget>
	<widget field="TrueClawPos" type="Number" class="edu.wpi.first.smartdashboard.gui.elements.TextBox">
		<location x="5" y="194"/>
	</widget>
	<widget field="DesClawPos" type="Number" class="edu.wpi.first.smartdashboard.gui.elements.TextBox">
		<location x="6" y="174"/>
	</widget>
	<widget field="Auto Delay" type="Number" class="edu.wpi.first.smartdashboard.gui.elements.TextBox">
		<location x="390" y="60"/>
	</widget>
	<static-widget class="edu.wpi.first.smartdashboard.gui.elements.CameraServerViewer">
		<location x="686" y="113"/>
		<width>318</width>
		<height>241</height>
		<property name="Camera Choice" value="USB Camera 0"/>
	</static-widget>
	<static-widget class="edu.wpi.first.smartdashboard.gui.elements.Label">
		<location x="510" y="120"/>
		<width>43</width>
		<property name="Text" value="StartPos"/>
	</static-widget>
	<static-widget class="edu.wpi.first.smartdashboard.gui.elements.Label">
		<location x="338" y="118"/>
		<property name="Text" value="Auto Mode"/>
	</static-widget>
	<widget field="Auto StartPos" type="String Chooser" class="edu.wpi.first.smartdashboard.gui.elements.Chooser">
		<location x="498" y="134"/>
	</widget>
	<widget field="Auto mode" type="String Chooser" class="edu.wpi.first.smartdashboard.gui.elements.Chooser">
		<location x="323" y="129"/>
	</widget>
</dashboard>
<live-window>
</live-window>
</xml>